Barometric1000PressureSensorImpl,Bar,Tue Dec 05 02:47:06 CET 2023,0.6298450239153758
Barometric1000PressureSensorImpl,Bar,Tue Dec 05 02:47:07 CET 2023,0.5403668955211465
Barometric1000PressureSensorImpl,Bar,Tue Dec 05 02:47:07 CET 2023,0.683233032321261
Barometric1000PressureSensorImpl,Bar,Tue Dec 05 02:47:08 CET 2023,0.6437509294475479
Barometric1000PressureSensorImpl,Bar,Tue Dec 05 02:47:08 CET 2023,0.7841603160532042
Barometric1000PressureSensorImpl,Bar,Tue Dec 05 02:47:08 CET 2023,0.569256798055073
Barometric1000PressureSensorImpl,Bar,Tue Dec 05 02:47:09 CET 2023,0.7766456231519288
